match_id,estilo_tactico,static_density,static_avg_clustering,static_avg_betweenness,static_avg_pagerank,static_avg_closeness,total_passes,pass_accuracy,resultado,goles_equipo,goles_rival,xg_equipo,xg_rival,contexto,rival
3773386,posesion_alta,0.6333333333333333,0.1742520831773917,0.0872222222222222,0.0625,0.3179579386330906,850,0.9223529411764706,empate,1,1,2.0911299490000004,1.128524181,visitante,Deportivo Alavés
3773565,posesion_alta,0.65,0.1611456827130351,0.0743689552841338,0.0625,0.3606711702022696,826,0.9261501210653752,victoria,4,0,1.492826396,0.450979546,visitante,Granada
3773457,posesion_alta,0.6708333333333333,0.1315313691531384,0.0677409297052154,0.0625,0.4423658718286932,740,0.9297297297297298,derrota,1,2,2.159081824,0.729653214,local,Celta Vigo
3773631,posesion_alta,0.6625,0.132983779238716,0.0713775510204081,0.0625,0.3885587973826709,754,0.9124668435013262,victoria,3,2,0.987574601,1.3950677189999998,visitante,Real Betis
3773665,posesion_alta,0.5833333333333334,0.1369234639724242,0.0797569444444444,0.0625,0.3486984673053684,742,0.908355795148248,victoria,2,0,1.056926099,1.2082273140000002,visitante,Osasuna
3773497,posesion_alta,0.5708333333333333,0.2016908273525192,0.0876240079365079,0.0625,0.3287090989325972,724,0.919889502762431,derrota,1,2,1.494463878,1.321765321,visitante,Real Madrid
3773660,posesion_alta,0.7197802197802198,0.203630908872195,0.08501221001221,0.0714285714285714,0.3403701236989341,698,0.9111747851002864,victoria,1,0,2.058993611,0.736227611,local,Levante UD
3773593,posesion_moderada,0.6619047619047619,0.1512294471737969,0.0797313797313797,0.0666666666666666,0.3591058346921647,730,0.8917808219178082,victoria,4,0,2.687311268,0.1825146875,local,Villarreal
3773466,equilibrado,0.6813186813186813,0.1669050610934024,0.0734475841618698,0.0714285714285714,0.3775919537889622,587,0.858603066439523,victoria,3,0,0.739652598,0.4661918886,visitante,Celta Vigo
3773585,equilibrado,0.5523809523809524,0.1172085091974957,0.0868192918192918,0.0666666666666666,0.3785318415795958,603,0.9071310116086236,derrota,1,3,1.2488722015,2.900067952,local,Real Madrid
3773552,posesion_alta,0.6648351648351648,0.1003155168585944,0.0699786324786324,0.0714285714285714,0.3212068934445026,831,0.9133574007220217,victoria,1,0,2.508760701,0.387724143,visitante,Huesca
3773672,posesion_moderada,0.6761904761904762,0.1343791406994392,0.0712445491016919,0.0666666666666666,0.4466374408062568,655,0.9068702290076336,empate,1,1,1.6534482454,0.688010283,local,Sevilla
3773587,equilibrado,0.6291666666666667,0.1630743658164718,0.065073578042328,0.0625,0.4590209166285832,642,0.8862928348909658,derrota,0,1,0.7843558220000001,1.652100625,visitante,Getafe
3773656,equilibrado,0.6047619047619047,0.1550566491604776,0.0879181929181929,0.0666666666666666,0.3533752832919872,633,0.9036334913112164,derrota,0,1,0.954291622,0.562930227,visitante,Atlético Madrid
3773377,posesion_moderada,0.6619047619047619,0.164463179063778,0.0711364032792604,0.0666666666666666,0.3554485206897498,740,0.9013513513513514,empate,2,2,2.893558679,1.637535147,local,Valencia
3773586,posesion_alta,0.7142857142857143,0.1268497689901389,0.0845543345543345,0.0714285714285714,0.3577737701143325,898,0.9153674832962138,derrota,1,2,1.233171613,0.535677516,local,Granada
3773372,posesion_alta,0.7047619047619048,0.1639252781016655,0.0682326007326007,0.0666666666666666,0.4071198988711079,622,0.9180064308681672,empate,0,0,0.8648851659999999,0.55558012,local,Atlético Madrid
3773387,equilibrado,0.65,0.1219104665465247,0.0694370039682539,0.0625,0.431370821432642,650,0.8876923076923077,empate,3,3,2.813838268,1.017280621,visitante,Levante UD
3773695,posesion_alta,0.8012820512820513,0.1483505660756946,0.0944125319125319,0.0769230769230769,0.3392218453396783,801,0.9051186017478152,victoria,3,2,3.0856501890000003,1.301609404,visitante,Valencia
3773369,posesion_alta,0.6291666666666667,0.1000377354533151,0.0797689909297052,0.0625,0.3506483205548816,923,0.943661971830986,victoria,4,1,0.95751025,2.101564256,local,Huesca
3773661,posesion_alta,0.7285714285714285,0.0908738406934253,0.080091575091575,0.0666666666666666,0.3575182261809681,951,0.9305993690851736,victoria,5,2,1.6198782499999995,1.502712756,local,Getafe
3773597,posesion_alta,0.625,0.1423335126037742,0.077906746031746,0.0624999999999999,0.3995771430991937,770,0.922077922077922,victoria,6,1,2.7190648429999995,0.6805954160000001,visitante,Real Sociedad
3773523,equilibrado,0.6523809523809524,0.1677226799792069,0.0668663875806732,0.0666666666666666,0.4648955212148063,517,0.8646034816247582,victoria,2,1,2.6482608960000005,1.926828342,local,Real Sociedad
3773571,posesion_alta,0.6333333333333333,0.0932108995338557,0.0874420024420024,0.0666666666666666,0.3612262359677219,708,0.9152542372881356,victoria,3,0,3.557734449,0.6726382205,visitante,Real Valladolid
3773428,posesion_alta,0.7095238095238096,0.1153869954513999,0.0836987615559044,0.0666666666666666,0.3581544687003682,900,0.89,derrota,1,2,1.528829837,2.2947186696,visitante,Cádiz
3764661,posesion_alta,0.6987179487179487,0.1618730672880049,0.0888500388500388,0.0769230769230769,0.377007487004287,663,0.9200603318250375,victoria,3,2,1.4724851283,0.841487605,visitante,Athletic Club
3773526,posesion_alta,0.6833333333333333,0.1271802978036364,0.0691170634920634,0.0625,0.314438410251707,898,0.9153674832962138,victoria,5,1,2.692579604,0.609192384,local,Deportivo Alavés
3773474,posesion_alta,0.625,0.1805970654484603,0.0692332766439909,0.0624999999999999,0.388449503829918,726,0.90633608815427,victoria,1,0,1.823044515,0.354709277,local,Real Valladolid
3773625,equilibrado,0.638095238095238,0.1705672263194018,0.0786948369091226,0.0666666666666666,0.4189834178797659,607,0.886326194398682,victoria,2,0,1.92933905,0.089311511,visitante,Sevilla
3773403,posesion_alta,0.7032967032967034,0.2354680811450773,0.0848176129426129,0.0714285714285714,0.4156870624277616,616,0.9074675324675324,victoria,2,1,1.7285390559999998,0.2267860289999999,local,Athletic Club
3773547,posesion_alta,0.6916666666666667,0.1402796252767545,0.0702728174603174,0.0625,0.4016543223754055,827,0.9262394195888756,victoria,4,0,4.178242825000001,1.1067934193,local,Osasuna
3773415,posesion_moderada,0.6625,0.1349429013729254,0.0810701294406651,0.0625,0.3175989729408707,950,0.9021052631578949,empate,1,1,2.145577861,1.083683705,local,Cádiz
3764440,posesion_alta,0.625,0.1382950069213308,0.0751587301587301,0.0625,0.391367070504286,784,0.9221938775510204,victoria,3,0,2.70108426,0.670472064,local,Elche
3773689,equilibrado,0.6190476190476191,0.1834255382025024,0.0848717948717948,0.0666666666666666,0.4177905806561957,618,0.8996763754045307,victoria,2,1,3.3227739440000006,1.3720789489999998,visitante,Villarreal
3773477,equilibrado,0.680952380952381,0.171432989795356,0.0752991452991453,0.0666666666666666,0.4256460020500384,645,0.8883720930232558,victoria,5,2,4.186569146,1.005236781,local,Real Betis
303731,posesion_alta,0.7362637362637363,0.2353100247284701,0.0751717032967033,0.0714285714285714,0.3631222068303374,733,0.8703956343792633,victoria,5,0,3.976931951,0.6710336225000001,local,Eibar
303532,posesion_alta,0.6333333333333333,0.0946890477614545,0.068781179138322,0.0624999999999999,0.3477932895446367,879,0.931740614334471,victoria,2,0,1.5943270349999996,0.756958526,local,Leganés
303516,posesion_alta,0.5666666666666667,0.1532359941075572,0.0903540903540903,0.0666666666666666,0.3517747390461349,660,0.9090909090909092,empate,2,2,1.817078918,2.589303723,visitante,Celta Vigo
303596,posesion_moderada,0.7564102564102564,0.1679483805760148,0.084071484071484,0.0769230769230769,0.3448027976465055,596,0.8942953020134228,empate,0,0,0.719925322,0.9542925625,local,Real Madrid
303430,posesion_alta,0.7197802197802198,0.2211734525520601,0.0823946886446886,0.0714285714285714,0.3483535890650177,668,0.8937125748502994,victoria,2,1,0.612086894,0.543885724,local,Villarreal
303725,posesion_alta,0.6375,0.1309632223777986,0.0731200396825396,0.0625,0.4114988488839591,850,0.923529411764706,victoria,4,1,2.567198417,0.912594162,visitante,Villarreal
303504,posesion_alta,0.7472527472527473,0.1683011046312121,0.0744429181929181,0.0714285714285714,0.3469538282097515,684,0.8961988304093568,derrota,1,3,2.139044643,0.8460165719999999,visitante,Levante UD
303451,posesion_alta,0.7472527472527473,0.1389514643968923,0.0870840964590964,0.0714285714285714,0.4034489778811755,729,0.9245541838134432,victoria,5,2,3.2707426255,1.050319794,local,Mallorca
303664,posesion_moderada,0.7142857142857143,0.2225529195711051,0.0810096153846153,0.0714285714285714,0.4213505554607771,523,0.8814531548757171,empate,2,2,1.91304468,2.7875779040000004,visitante,Real Sociedad
303682,posesion_alta,0.7087912087912088,0.1585247376903117,0.0818376068376068,0.0714285714285714,0.3777983060878134,763,0.9239842726081258,victoria,2,1,2.9258208420000007,1.4201925580000003,local,Levante UD
303400,posesion_alta,0.6758241758241759,0.1343259084588776,0.0968504709576138,0.0714285714285714,0.3216074246415573,838,0.9713603818615753,derrota,0,2,1.165431627,1.282769674,visitante,Valencia
303634,posesion_alta,0.6791666666666667,0.0983705126087261,0.0653968253968254,0.0624999999999999,0.383903655553525,843,0.9169632265717677,derrota,1,2,1.0125385056,0.4741186025,local,Osasuna
303421,posesion_alta,0.7307692307692307,0.1332450281333507,0.0863040729112157,0.0714285714285714,0.3803140411182837,780,0.9282051282051282,victoria,5,0,2.913145846,0.406357612,visitante,Deportivo Alavés
303493,posesion_alta,0.7095238095238096,0.1253327395508165,0.070739577882435,0.0666666666666666,0.3757856479060243,815,0.8773006134969326,victoria,1,0,1.675432889,0.688305282,local,Athletic Club
303680,posesion_alta,0.7047619047619048,0.090537300384303,0.0657099249956393,0.0666666666666666,0.4257507642836706,733,0.9058663028649386,victoria,1,0,1.226690606,0.767382524,visitante,Real Valladolid
303479,equilibrado,0.6483516483516484,0.1912140725992406,0.0918650793650793,0.0714285714285714,0.3971825449731593,553,0.8444846292947559,victoria,1,0,1.934650179,0.658936379,local,Real Sociedad
303615,posesion_alta,0.5666666666666667,0.1291463411793723,0.0932201559124636,0.0666666666666666,0.3198580501372295,842,0.9133016627078384,victoria,1,0,1.155459763,0.7635460445,local,Espanyol
303696,posesion_alta,0.6813186813186813,0.1850925076144647,0.0833485958485958,0.0714285714285714,0.2902207770017049,764,0.9568062827225132,empate,2,2,1.4776562649999998,1.9883945813,local,Atlético Madrid
303487,posesion_alta,0.7307692307692307,0.2182970714297454,0.074955302633874,0.0714285714285714,0.3193987728102156,702,0.9031339031339032,victoria,4,1,1.558700034,0.2677782554999999,local,Celta Vigo
303600,posesion_alta,0.7307692307692307,0.2159387757534729,0.0769939386010814,0.0714285714285714,0.3380509705996397,660,0.8712121212121212,victoria,5,1,2.382540813,0.5268658740000001,local,Real Valladolid
303548,posesion_alta,0.6291666666666667,0.1041661017990944,0.0677781320861678,0.0625,0.4463047376908445,700,0.9457142857142856,victoria,4,0,2.068523223,0.771835227,visitante,Mallorca
303652,posesion_alta,0.7884615384615384,0.1745675758622141,0.0912004662004661,0.0769230769230769,0.3759169615209038,728,0.9244505494505496,empate,2,2,1.4762220425,0.420332712,visitante,Espanyol
303674,posesion_alta,0.7362637362637363,0.1827342111654447,0.0760836385836385,0.0714285714285714,0.3051444070126729,752,0.8776595744680851,empate,0,0,0.5060273670000001,0.523757683,visitante,Sevilla
303470,posesion_alta,0.6428571428571429,0.2319499959364322,0.1060363247863247,0.0714285714285714,0.3604533757841972,666,0.9069069069069068,derrota,0,2,1.069344716,0.8652740299999999,visitante,Real Madrid
303700,posesion_moderada,0.7252747252747253,0.1301300372479624,0.0780296092796093,0.0714285714285714,0.3899066183884451,606,0.8729372937293729,victoria,3,0,1.4085941777,0.327932219,visitante,Eibar
303707,posesion_alta,0.7472527472527473,0.148170597056727,0.0652701465201465,0.0714285714285714,0.3503058180335225,682,0.9824046920821116,victoria,3,2,1.4341765,1.0949722132,visitante,Real Betis
303666,posesion_alta,0.7362637362637363,0.1386315798148347,0.0754502442002441,0.0714285714285714,0.3703796428638886,675,0.9037037037037036,derrota,0,2,0.5349524370000001,1.8489029273,visitante,Granada
303715,posesion_alta,0.7582417582417582,0.2134577133006765,0.0798229548229548,0.0714285714285714,0.3144583660061211,779,0.8793324775353016,victoria,2,1,1.598676625,0.351292322,visitante,Leganés
303377,posesion_alta,0.7142857142857143,0.2093575785891518,0.0954288766788766,0.0714285714285714,0.394729513669267,705,0.8794326241134752,victoria,2,1,1.6572169519999995,0.748722662,local,Getafe
303524,posesion_alta,0.7307692307692307,0.2127388709503868,0.0716783216783216,0.0769230769230769,0.3203583714572726,705,0.8992907801418439,victoria,1,0,0.931063791,1.214963699,visitante,Atlético Madrid
303517,posesion_alta,0.6703296703296703,0.1660499560249599,0.0875992063492063,0.0714285714285714,0.3363347165925863,796,0.9057788944723618,victoria,4,1,1.5926148169999998,0.545430767,local,Deportivo Alavés
303610,posesion_alta,0.7362637362637363,0.1557827611497719,0.0960600907029478,0.0714285714285714,0.3423710314208667,1019,0.9254170755642788,victoria,1,0,1.540731121,0.218909804,local,Granada
303473,posesion_alta,0.6978021978021978,0.2037005406880791,0.0874160561660561,0.0714285714285714,0.3931760466401929,581,0.9173838209982788,victoria,4,0,1.4673041635,1.7253259230000002,local,Sevilla
15978,posesion_alta,0.7857142857142857,0.193194955404585,0.0728283621140764,0.0714285714285714,0.4016935408954201,728,0.9354395604395604,victoria,2,1,1.398165227,0.914412035,visitante,Real Sociedad
15998,posesion_alta,0.6868131868131868,0.1131193017102803,0.0826923076923077,0.0714285714285714,0.3302751347904703,814,0.9312039312039312,derrota,1,2,0.552077237,1.070911462,visitante,Leganés
16029,equilibrado,0.6648351648351648,0.1284238352327124,0.0775401186115471,0.0714285714285714,0.3408781546173379,502,0.8924302788844621,victoria,4,2,2.3974202783,1.688973094,local,Sevilla
16073,posesion_alta,0.6868131868131868,0.1788383954386897,0.0940094627594627,0.0714285714285714,0.3147255147476437,746,0.9115281501340484,empate,1,1,0.296478192,0.141969905,visitante,Atlético Madrid
16086,posesion_moderada,0.7087912087912088,0.1398029791136963,0.0829724838653409,0.0714285714285714,0.3854784872146642,603,0.8872305140961857,victoria,4,0,2.313218727,1.224688889,visitante,Espanyol
16190,posesion_moderada,0.6923076923076923,0.188664924780948,0.0863476800976801,0.0714285714285714,0.4383052823134899,579,0.8773747841105354,victoria,4,2,1.6004439970000002,1.122434296,visitante,Sevilla
16109,posesion_alta,0.6868131868131868,0.1575520537077781,0.0824884440955869,0.0714285714285714,0.3992899821150817,544,0.9264705882352942,victoria,2,0,1.134397363,0.899607741,local,Celta Vigo
16120,posesion_alta,0.6868131868131868,0.1601450097282005,0.0935096153846153,0.0714285714285714,0.3937669873515063,750,0.924,victoria,2,1,1.7478493249999998,1.5908359879999998,visitante,Getafe
16182,posesion_alta,0.7087912087912088,0.2144404586691145,0.071504884004884,0.0714285714285714,0.3878406528312395,729,0.9080932784636488,victoria,1,0,3.661527874,0.443537898,local,Real Valladolid
16215,posesion_moderada,0.6923076923076923,0.2161655371606836,0.0781222745508459,0.0714285714285714,0.3643599216841605,480,0.8833333333333333,victoria,4,1,2.050660124,1.007864181,visitante,Real Betis
16173,posesion_alta,0.7884615384615384,0.2083372708215543,0.0953282828282828,0.0769230769230769,0.3738689378830043,695,0.9136690647482014,empate,0,0,0.494705334,1.35796548,visitante,Athletic Club
16265,equilibrado,0.6758241758241759,0.2284835532956944,0.0814255189255189,0.0714285714285714,0.3985219609279399,559,0.8372093023255814,victoria,2,1,1.245622556,0.8769487859999999,local,Real Sociedad
15946,posesion_alta,0.7472527472527473,0.1434552635078818,0.0800954997383568,0.0714285714285714,0.4050529860257487,866,0.9468822170900691,victoria,3,0,2.6599242,0.292109614,local,Deportivo Alavés
16157,posesion_alta,0.7802197802197802,0.1785418928241655,0.0846916971916971,0.0714285714285714,0.3934152985874761,802,0.899002493765586,empate,2,2,1.6903835109999998,2.441872339,local,Valencia
16136,posesion_alta,0.7527472527472527,0.1426812078038598,0.0861645299145299,0.0714285714285714,0.3630217749414127,792,0.9128787878787878,victoria,3,1,1.74555982,0.6695991617,local,Leganés
16248,posesion_alta,0.6923076923076923,0.1085793906091938,0.0843559218559218,0.0714285714285714,0.3288693652354625,756,0.9074074074074074,victoria,2,0,1.924682267,0.5219108577,local,Atlético Madrid
16056,posesion_moderada,0.6813186813186813,0.1932263498734135,0.0760416666666666,0.0714285714285714,0.3716974326387445,488,0.9262295081967212,derrota,3,4,4.172701369,2.021583876,local,Real Betis
16289,equilibrado,0.6703296703296703,0.1759848908766634,0.0791252398395255,0.0714285714285714,0.3594809000519799,623,0.9004815409309791,victoria,1,0,1.7492327289999998,0.7343230099999999,local,Levante UD
16079,posesion_alta,0.7307692307692307,0.167095033483111,0.077020202020202,0.0769230769230769,0.3210253615241534,698,0.9240687679083096,victoria,2,0,1.0838477350000002,0.8975263569999998,local,Villarreal
16149,posesion_moderada,0.6703296703296703,0.1740963971361268,0.0944793301936159,0.0714285714285714,0.3745932887555167,635,0.9181102362204724,victoria,2,0,1.906738469,1.212639442,visitante,Girona
16275,posesion_alta,0.7527472527472527,0.1702629891277502,0.082811137275423,0.0714285714285714,0.3928851585795797,790,0.910126582278481,victoria,2,0,2.265581007,0.413620188,visitante,Deportivo Alavés
15973,posesion_alta,0.7692307692307693,0.1365926053214987,0.0658043345543345,0.0714285714285714,0.4446731385538444,673,0.9450222882615156,victoria,8,2,4.513569743,1.264742864,local,Huesca
16317,posesion_moderada,0.7142857142857143,0.1639539421573967,0.0945894383394383,0.0714285714285714,0.3873339407380166,638,0.8887147335423198,empate,2,2,0.7572143847999999,1.477804292,visitante,Eibar
16131,equilibrado,0.6703296703296703,0.1537534140651953,0.0870115995115995,0.0714285714285714,0.3766714297209405,630,0.8746031746031746,victoria,3,0,1.16775373,0.965347184,local,Eibar
16205,posesion_alta,0.7417582417582418,0.162685371562175,0.0867445054945054,0.0714285714285714,0.3832210592418348,730,0.9,victoria,3,1,2.619028352,0.3626478485,local,Rayo Vallecano
16095,posesion_moderada,0.6703296703296703,0.1697168783388964,0.0773962148962148,0.0714285714285714,0.357899421640576,498,0.9879518072289156,victoria,5,0,2.9769174072,1.164957094,visitante,Levante UD
16306,posesion_alta,0.7362637362637363,0.1379075826712172,0.0674832112332112,0.0714285714285714,0.2824936417735885,899,0.9221357063403782,victoria,2,0,2.040483553,0.999546532,local,Getafe
16010,posesion_moderada,0.7582417582417582,0.1796671481749322,0.0746642246642246,0.0714285714285714,0.4094545635131085,657,0.893455098934551,empate,1,1,2.7532440959999995,0.4852281499999999,local,Athletic Club
15986,posesion_alta,0.7032967032967034,0.1359701662447999,0.0797542735042734,0.0714285714285714,0.3509952051348464,731,0.9521203830369356,empate,2,2,1.502485224,1.069202315,local,Girona
16240,posesion_alta,0.7307692307692307,0.1450112195880897,0.0820054945054945,0.0714285714285714,0.3274256139012672,705,0.902127659574468,empate,4,4,2.295202509,2.572822366,visitante,Villarreal
16023,posesion_alta,0.717948717948718,0.1402136426603345,0.1043042605542605,0.0769230769230769,0.3268786861985881,969,0.9649122807017544,empate,1,1,0.3969471124999999,1.376319467,visitante,Valencia
16196,equilibrado,0.6538461538461539,0.1755169642831041,0.0769917582417582,0.0714285714285714,0.3465959281761205,531,0.864406779661017,victoria,1,0,1.2611960085,1.0888610150000002,visitante,Real Madrid
15956,equilibrado,0.5879120879120879,0.1064155658372982,0.0897435897435897,0.0714285714285714,0.3433267902005092,557,0.9425493716337524,victoria,1,0,0.7582223709999999,0.33820088,visitante,Real Valladolid
16231,posesion_alta,0.7252747252747253,0.1330590218623741,0.0833028083028083,0.0714285714285714,0.3644868576835841,719,0.8734353268428373,victoria,2,0,1.059880911,0.179885682,local,Espanyol
