team,season,xg_mean,xg_std,xg_against_mean,xg_against_std,xg_diff_mean,goals_mean,goals_against_mean,goals_diff_mean,win_rate,draw_rate,loss_rate,total_matches,home_win_rate,away_win_rate,recent_xg_mean,recent_xg_against_mean,recent_goals_mean,recent_win_rate,recent_draw_rate,recent_loss_rate,recent_points
Barcelona,2018,2.1915666842105264,1.2538360944133333,1.1823934210526317,0.7360009260015706,1.0091732631578951,2.3684210526315788,0.9473684210526315,1.4210526315789473,0.6842105263157895,0.23684210526315788,0.07894736842105263,38,0.7894736842105263,0.5789473684210527,1.7774714,1.1926876,1.4,0.6,0.2,0.2,10
Real Madrid,2018,1.8067045526315788,0.9804171479502499,1.2809408684210528,0.8784252851480705,0.5257636842105264,1.6578947368421053,1.2105263157894737,0.4473684210526316,0.5526315789473685,0.13157894736842105,0.3157894736842105,38,0.6842105263157895,0.42105263157894735,1.3756404,1.4022812,0.8,0.2,0.2,0.6,4
Atletico Madrid,2018,1.365061157894737,0.6966823828219821,1.0903699736842107,0.6195812150338623,0.27469118421052635,1.4473684210526316,0.7631578947368421,0.6842105263157895,0.5789473684210527,0.2631578947368421,0.15789473684210525,38,0.7894736842105263,0.3684210526315789,1.2586546,1.5542674,1.4,0.4,0.4,0.2,8
Sevilla,2018,1.8200606842105262,1.0784906306713804,1.229229789473684,0.6430375460895946,0.5908308947368419,1.631578947368421,1.236842105263158,0.39473684210526316,0.4473684210526316,0.21052631578947367,0.34210526315789475,38,0.631578947368421,0.2631578947368421,1.4804128,1.0287438,1.6,0.4,0.2,0.4,7
Valencia,2018,1.628551289473684,0.9213299356885898,1.1277465,0.6722567252219159,0.5008047894736842,1.3421052631578947,0.9210526315789473,0.42105263157894735,0.39473684210526316,0.42105263157894735,0.18421052631578946,38,0.3684210526315789,0.42105263157894735,1.6841377999999998,1.4208378,2.6,0.6,0.0,0.4,9
Villarreal,2018,1.4420984210526313,0.683289103948376,1.4767933684210526,0.8897902202005006,-0.034694947368421054,1.2894736842105263,1.368421052631579,-0.07894736842105263,0.2631578947368421,0.3684210526315789,0.3684210526315789,38,0.2631578947368421,0.2631578947368421,0.9897750000000001,1.5797382,1.4,0.4,0.4,0.2,8
Athletic Club,2018,1.1695085263157894,0.5838012305877023,1.2410215263157895,0.6765602103138978,-0.07151299999999995,1.0789473684210527,1.1842105263157894,-0.10526315789473684,0.34210526315789475,0.3684210526315789,0.2894736842105263,38,0.47368421052631576,0.21052631578947367,1.1117968,1.1147428,1.0,0.4,0.2,0.4,7
Real Sociedad,2018,1.2628184473684212,0.7604139438681887,1.2656431578947367,0.675391594423022,-0.002824710526315768,1.1842105263157894,1.2105263157894737,-0.02631578947368421,0.34210526315789475,0.2894736842105263,0.3684210526315789,38,0.3684210526315789,0.3157894736842105,1.3271356,0.8361116,1.2,0.6,0.0,0.4,9
Real Betis,2018,1.3599322368421054,0.7318921511044094,1.409071894736842,0.9377578740258897,-0.0491396578947369,1.1578947368421053,1.368421052631579,-0.21052631578947367,0.3684210526315789,0.21052631578947367,0.42105263157894735,38,0.42105263157894735,0.3157894736842105,1.7154118,1.3276054,1.0,0.4,0.2,0.4,7
Getafe,2018,1.2377415263157898,0.7229861780590402,1.1638431842105266,0.642258240270656,0.07389834210526312,1.263157894736842,0.9210526315789473,0.34210526315789475,0.39473684210526316,0.3684210526315789,0.23684210526315788,38,0.5789473684210527,0.21052631578947367,1.4168166,1.516097,1.0,0.2,0.4,0.4,5
Celta Vigo,2018,1.2815750526315792,0.8202207643618732,1.669197368421053,0.7947176533894498,-0.3876223157894737,1.394736842105263,1.631578947368421,-0.23684210526315788,0.2631578947368421,0.2894736842105263,0.4473684210526316,38,0.42105263157894735,0.10526315789473684,1.5669044,1.1978628,1.2,0.2,0.6,0.2,6
Osasuna,2018,1.309446896551724,0.7424097171101656,1.3928665517241379,0.746708952384614,-0.08341965517241381,1.1724137931034482,1.206896551724138,-0.034482758620689655,0.3448275862068966,0.2413793103448276,0.41379310344827586,29,0.5714285714285714,0.13333333333333333,1.7078735999999999,1.5023769999999999,1.2,0.4,0.2,0.4,7
Barcelona,2019,1.8949855,1.0382876795375384,0.9953670789473685,0.6579481697366886,0.8996184210526317,2.263157894736842,1.0,1.263157894736842,0.6578947368421053,0.18421052631578946,0.15789473684210525,38,0.8421052631578947,0.47368421052631576,1.8898970000000002,0.7178718000000001,2.4,0.8,0.0,0.2,12
Real Madrid,2019,1.8988741578947372,0.9677342844355161,0.8722701578947367,0.5713229542640024,1.0266039999999996,1.8421052631578947,0.6578947368421053,1.1842105263157894,0.6842105263157895,0.23684210526315788,0.07894736842105263,38,0.7894736842105263,0.5789473684210527,1.7093485999999998,0.9563572,1.8,0.8,0.2,0.0,13
Atletico Madrid,2019,1.5447621842105261,0.6325216687258832,0.8293471578947368,0.4582817203987631,0.7154150263157896,1.3421052631578947,0.7105263157894737,0.631578947368421,0.47368421052631576,0.42105263157894735,0.10526315789473684,38,0.631578947368421,0.3157894736842105,1.550322,0.7042279999999999,1.6,0.6,0.4,0.0,11
Sevilla,2019,1.4514606842105264,0.6631093940276638,0.9636131842105262,0.5943673265928463,0.48784750000000004,1.4210526315789473,0.8947368421052632,0.5263157894736842,0.5,0.34210526315789475,0.15789473684210525,38,0.5263157894736842,0.47368421052631576,1.271304,0.8460281999999999,1.2,0.8,0.2,0.0,13
Valencia,2019,1.1993751315789472,0.6639722175218027,1.5545695263157895,0.7637507311488954,-0.35519439473684206,1.2105263157894737,1.394736842105263,-0.18421052631578946,0.3684210526315789,0.2894736842105263,0.34210526315789475,38,0.5789473684210527,0.15789473684210525,0.964321,1.2553387999999999,1.0,0.4,0.2,0.4,7
Villarreal,2019,1.7264868684210526,0.7645235071659383,1.2786806578947367,0.7158445876646493,0.44780621052631575,1.6578947368421053,1.2894736842105263,0.3684210526315789,0.47368421052631576,0.15789473684210525,0.3684210526315789,38,0.47368421052631576,0.47368421052631576,1.4861954000000002,1.408113,2.0,0.4,0.0,0.6,6
Athletic Club,2019,1.1077788157894737,0.7836391715541319,1.3794552105263158,0.7659627576890428,-0.27167639473684213,1.0789473684210527,1.0,0.07894736842105263,0.34210526315789475,0.3157894736842105,0.34210526315789475,38,0.47368421052631576,0.21052631578947367,0.8040403999999999,1.9973880000000002,0.6,0.2,0.0,0.8,3
Real Sociedad,2019,1.3398860789473683,0.833723121025342,1.102239605263158,0.6899008544513711,0.23764647368421057,1.4736842105263157,1.263157894736842,0.21052631578947367,0.42105263157894735,0.21052631578947367,0.3684210526315789,38,0.47368421052631576,0.3684210526315789,0.9342776,0.7961929999999999,1.2,0.2,0.6,0.2,6
Real Betis,2019,1.2868033684210527,0.7451894791321279,1.4816767368421055,0.7621327044557332,-0.19487336842105268,1.263157894736842,1.5789473684210527,-0.3157894736842105,0.2631578947368421,0.2894736842105263,0.4473684210526316,38,0.47368421052631576,0.05263157894736842,1.256726,0.9276688,1.0,0.2,0.2,0.6,4
Getafe,2019,1.189243,0.728507110997812,1.1321943,0.8297212373070807,0.057048700000000035,1.131578947368421,0.9736842105263158,0.15789473684210525,0.3684210526315789,0.3157894736842105,0.3157894736842105,38,0.42105263157894735,0.3157894736842105,0.8679624,1.4146193999999999,0.2,0.0,0.4,0.6,2
Celta Vigo,2019,1.0642416578947367,0.707725485497494,1.1797292368421048,0.7188620129987897,-0.1154875789473684,0.9736842105263158,1.2894736842105263,-0.3157894736842105,0.18421052631578946,0.42105263157894735,0.39473684210526316,38,0.2631578947368421,0.10526315789473684,0.7198684,0.9489028000000002,1.0,0.0,0.6,0.4,3
Osasuna,2019,1.2904865263157894,0.9096518080541004,1.304748710526316,0.7327749584103884,-0.014262184210526347,1.2105263157894737,1.4210526315789473,-0.21052631578947367,0.34210526315789475,0.34210526315789475,0.3157894736842105,38,0.3684210526315789,0.3157894736842105,0.802716,1.0299821999999998,1.2,0.4,0.4,0.2,8
Barcelona,2020,2.2094361842105266,1.0292513654916493,1.0771440526315788,0.6977239314818072,1.1322921315789476,2.236842105263158,1.0,1.236842105263158,0.631578947368421,0.18421052631578946,0.18421052631578946,38,0.5789473684210527,0.6842105263157895,2.0624992,1.0915232,1.6,0.4,0.4,0.2,8
Real Madrid,2020,1.7123893947368425,0.8658816746347617,1.0184370578947366,0.6130965971917945,0.6939523368421052,1.763157894736842,0.7368421052631579,1.0263157894736843,0.6578947368421053,0.23684210526315788,0.10526315789473684,38,0.6842105263157895,0.631578947368421,1.2075576,0.83199424,2.2,0.8,0.2,0.0,13
Atletico Madrid,2020,1.5174722105263159,0.7905622949369016,0.9386576052631578,0.5505320975971136,0.5788146052631579,1.763157894736842,0.6578947368421053,1.105263157894737,0.6842105263157895,0.21052631578947367,0.10526315789473684,38,0.7894736842105263,0.5789473684210527,1.551633,1.087358,1.4,0.8,0.2,0.0,13
Sevilla,2020,1.4700513157894732,0.7901773115418242,0.9035341578947368,0.5434753621091301,0.5665171578947368,1.394736842105263,0.868421052631579,0.5263157894736842,0.631578947368421,0.13157894736842105,0.23684210526315788,38,0.7368421052631579,0.5263157894736842,1.1216019999999998,0.8839894000000001,0.8,0.4,0.2,0.4,7
Valencia,2020,1.1023488263157895,0.7108069342011615,1.4654650789473684,0.9049340987808697,-0.363116252631579,1.3157894736842106,1.394736842105263,-0.07894736842105263,0.2631578947368421,0.34210526315789475,0.39473684210526316,38,0.42105263157894735,0.10526315789473684,0.9551948000000001,1.8525792000000003,1.8,0.4,0.2,0.4,7
Villarreal,2020,1.5225123026315786,0.9289846164523257,1.149225665789474,0.8452818594392922,0.37328663684210506,1.5789473684210527,1.1578947368421053,0.42105263157894735,0.39473684210526316,0.34210526315789475,0.2631578947368421,38,0.42105263157894735,0.3684210526315789,1.103046,1.4361814000000002,2.0,0.6,0.0,0.4,9
Athletic Club,2020,1.1332654210526316,0.6813875887419344,1.0121954605263157,0.6727933292216015,0.1210699605263158,1.2105263157894737,1.105263157894737,0.10526315789473684,0.2894736842105263,0.34210526315789475,0.3684210526315789,38,0.42105263157894735,0.15789473684210525,0.698308,1.292683,0.6,0.2,0.2,0.6,4
Real Sociedad,2020,1.661716,1.1294918851628144,1.0209248421052632,0.9413903309953723,0.6407911578947367,1.5526315789473684,1.0,0.5526315789473685,0.4473684210526316,0.2894736842105263,0.2631578947368421,38,0.47368421052631576,0.42105263157894735,1.5973012,0.75526024,1.6,0.6,0.0,0.4,9
Real Betis,2020,1.309722447368421,0.8294935515116698,1.2503365263157897,0.9734662818526864,0.05938592105263161,1.3157894736842106,1.3157894736842106,0.0,0.4473684210526316,0.2631578947368421,0.2894736842105263,38,0.5263157894736842,0.3684210526315789,1.5151210000000002,1.0844962000000002,1.6,0.6,0.4,0.0,11
Getafe,2020,0.9374365157894737,0.7295646744723508,1.063231105263158,0.7436985104644688,-0.1257945894736842,0.7368421052631579,1.131578947368421,-0.39473684210526316,0.23684210526315788,0.2894736842105263,0.47368421052631576,38,0.3157894736842105,0.15789473684210525,0.7250462000000001,0.4696942,0.4,0.2,0.2,0.6,4
Celta Vigo,2020,1.3505989736842106,0.9273393600308675,1.3240026052631577,0.7795459675904749,0.026596368421052678,1.4473684210526316,1.5,-0.05263157894736842,0.3684210526315789,0.2894736842105263,0.34210526315789475,38,0.47368421052631576,0.2631578947368421,1.2807432000000003,1.7608962000000001,2.2,0.8,0.0,0.2,12
Osasuna,2020,1.0423098210526316,0.7156726221073625,1.3113088684210528,0.8776633238603688,-0.268999047368421,0.9736842105263158,1.263157894736842,-0.2894736842105263,0.2894736842105263,0.2894736842105263,0.42105263157894735,38,0.3684210526315789,0.21052631578947367,0.97307524,1.924344,1.2,0.2,0.2,0.6,4
Barcelona,2021,1.8563621315789471,1.048546025026423,0.923146605263158,0.5862171422327128,0.9332155263157896,1.7894736842105263,1.0,0.7894736842105263,0.5526315789473685,0.2631578947368421,0.18421052631578946,38,0.631578947368421,0.47368421052631576,0.9789916000000002,0.7285594000000001,1.4,0.6,0.2,0.2,10
Real Madrid,2021,2.111000210526316,1.0610693796283415,1.204784184210526,0.7942552058298239,0.9062160263157895,2.1052631578947367,0.8157894736842105,1.2894736842105263,0.6842105263157895,0.21052631578947367,0.10526315789473684,38,0.6842105263157895,0.6842105263157895,2.417792,1.778623,2.2,0.4,0.4,0.2,8
Atletico Madrid,2021,1.5643840263157895,0.7920679332916067,0.9412613684210527,0.6241449381531816,0.6231226578947369,1.7105263157894737,1.131578947368421,0.5789473684210527,0.5526315789473685,0.21052631578947367,0.23684210526315788,38,0.631578947368421,0.47368421052631576,1.4097788000000002,1.1127813999999998,1.2,0.6,0.2,0.2,10
Sevilla,2021,1.2329859210526315,0.7627583022828923,1.0683342736842105,0.7249179438285098,0.1646516473684211,1.394736842105263,0.7894736842105263,0.6052631578947368,0.47368421052631576,0.42105263157894735,0.10526315789473684,38,0.631578947368421,0.3157894736842105,1.1437808,1.1066862,0.8,0.2,0.8,0.0,7
Valencia,2021,1.1127587631578948,0.5998251456892288,1.374639289473684,0.9171243714713384,-0.2618805263157894,1.263157894736842,1.394736842105263,-0.13157894736842105,0.2894736842105263,0.39473684210526316,0.3157894736842105,38,0.3157894736842105,0.2631578947368421,1.1378202,1.4184359999999998,0.8,0.2,0.6,0.2,6
Villarreal,2021,1.8508495526315791,1.277104915441503,1.260333763157895,0.7690289807066962,0.5905157894736842,1.6578947368421053,0.9736842105263158,0.6842105263157895,0.42105263157894735,0.2894736842105263,0.2894736842105263,38,0.5263157894736842,0.3157894736842105,1.691088,1.617641,2.0,0.4,0.2,0.4,7
Athletic Club,2021,1.5003656315789473,0.9272708442494879,1.0339436842105265,0.703568567299173,0.466421947368421,1.131578947368421,0.9473684210526315,0.18421052631578946,0.3684210526315789,0.34210526315789475,0.2894736842105263,38,0.5263157894736842,0.21052631578947367,1.0226718,0.7653836,0.8,0.4,0.2,0.4,7
Real Sociedad,2021,1.4759305789473685,0.774752997239648,1.0924479999999996,0.8263301594618644,0.3834825789473685,1.0526315789473684,0.9736842105263158,0.07894736842105263,0.4473684210526316,0.2894736842105263,0.2631578947368421,38,0.5263157894736842,0.3684210526315789,2.15675,1.1387528000000002,1.6,0.4,0.2,0.4,7
Real Betis,2021,1.4711517631578948,0.9176063205530398,1.2312816052631579,0.5974459551705952,0.2398701578947369,1.631578947368421,1.0526315789473684,0.5789473684210527,0.5,0.21052631578947367,0.2894736842105263,38,0.5263157894736842,0.47368421052631576,1.2143126,1.2277993999999999,1.2,0.4,0.4,0.2,8
Getafe,2021,0.8303717368421053,0.47605786460764804,1.1708391315789475,0.8597237934233131,-0.3404673947368421,0.868421052631579,1.0789473684210527,-0.21052631578947367,0.21052631578947367,0.39473684210526316,0.39473684210526316,38,0.3684210526315789,0.05263157894736842,0.6739582000000001,1.0231625999999998,0.4,0.0,0.8,0.2,4
Celta Vigo,2021,1.182571447368421,0.6543392572877846,1.2136081842105262,0.7248522436842187,-0.031036736842105294,1.131578947368421,1.131578947368421,0.0,0.3157894736842105,0.2631578947368421,0.42105263157894735,38,0.3684210526315789,0.2631578947368421,1.6236974,0.8587743999999999,1.4,0.4,0.2,0.4,7
Osasuna,2021,1.1059709473684207,0.804364319604801,1.3313650526315788,1.1328143796568801,-0.22539410526315784,0.9736842105263158,1.3421052631578947,-0.3684210526315789,0.3157894736842105,0.2894736842105263,0.39473684210526316,38,0.2631578947368421,0.3684210526315789,0.8997102,0.9349408,0.6,0.0,0.6,0.4,3
Barcelona,2022,2.1787600000000005,1.174929990360806,0.8773652894736843,0.6615214544061949,1.3013947105263155,1.8421052631578947,0.5263157894736842,1.3157894736842106,0.7368421052631579,0.10526315789473684,0.15789473684210525,38,0.7894736842105263,0.6842105263157895,2.608942,1.6853231999999998,2.0,0.4,0.0,0.6,6
Real Madrid,2022,2.089320710526316,1.003672943086108,1.037993052631579,0.6516658929209274,1.0513276578947368,1.9736842105263157,0.9473684210526315,1.0263157894736843,0.631578947368421,0.15789473684210525,0.21052631578947367,38,0.6842105263157895,0.5789473684210527,1.4337992000000002,1.1368000000000003,1.2,0.6,0.2,0.2,10
Atletico Madrid,2022,1.807428473684211,0.9371659781752509,1.1366644921052629,0.6551808493384941,0.6707639815789475,1.8421052631578947,0.868421052631579,0.9736842105263158,0.6052631578947368,0.21052631578947367,0.18421052631578946,38,0.6842105263157895,0.5263157894736842,1.6556698,1.8086178,2.0,0.4,0.4,0.2,8
Sevilla,2022,1.3341074710526317,0.8641256565689247,1.5260046657894737,0.9847282998273789,-0.19189719473684205,1.236842105263158,1.4210526315789473,-0.18421052631578946,0.34210526315789475,0.2631578947368421,0.39473684210526316,38,0.3684210526315789,0.3157894736842105,1.3816031999999998,1.3319300000000003,1.2,0.2,0.4,0.4,5
Valencia,2022,1.4115908947368419,0.7992315117789894,1.3778830789473684,0.7763402649398559,0.03370781578947368,1.105263157894737,1.1842105263157894,-0.07894736842105263,0.2894736842105263,0.23684210526315788,0.47368421052631576,38,0.42105263157894735,0.15789473684210525,1.7618618000000001,1.260383,1.2,0.4,0.4,0.2,8
Villarreal,2022,1.7253434210526317,1.0274696939818824,1.3525254736842107,0.8175790584177014,0.372817947368421,1.5526315789473684,1.0526315789473684,0.5,0.5,0.18421052631578946,0.3157894736842105,38,0.631578947368421,0.3684210526315789,2.0938822,1.5123600000000001,2.4,0.6,0.2,0.2,10
Athletic Club,2022,1.479449657894737,0.8498829569538122,0.9865658947368422,0.5932969197463688,0.4928837631578949,1.236842105263158,1.131578947368421,0.10526315789473684,0.3684210526315789,0.23684210526315788,0.39473684210526316,38,0.42105263157894735,0.3157894736842105,1.698381,1.3548184,0.8,0.2,0.2,0.6,4
Real Sociedad,2022,1.6464854210526316,0.6928728374930394,0.9355573421052629,0.613737785652934,0.7109280789473683,1.3421052631578947,0.9210526315789473,0.42105263157894735,0.5526315789473685,0.21052631578947367,0.23684210526315788,38,0.5789473684210527,0.5263157894736842,2.2151828,0.9380257799999999,1.6,0.6,0.2,0.2,10
Real Betis,2022,1.4499377368421051,1.078603577316089,1.3569858157894736,0.8036961031631382,0.09295192105263164,1.2105263157894737,1.0789473684210527,0.13157894736842105,0.4473684210526316,0.23684210526315788,0.3157894736842105,38,0.47368421052631576,0.42105263157894735,1.3802976,1.2125196,1.2,0.4,0.4,0.2,8
Getafe,2022,1.0238535263157893,0.7979144037492532,1.2387439210526316,0.6036677807400708,-0.214890394736842,0.8947368421052632,1.1842105263157894,-0.2894736842105263,0.2631578947368421,0.3157894736842105,0.42105263157894735,38,0.3684210526315789,0.15789473684210525,1.1034166,0.88662,0.8,0.4,0.4,0.2,8
Celta Vigo,2022,1.1117551315789473,0.6984760568649271,1.2957287631578946,0.8518245109364871,-0.1839736315789474,1.131578947368421,1.394736842105263,-0.2631578947368421,0.2894736842105263,0.2631578947368421,0.4473684210526316,38,0.3684210526315789,0.21052631578947367,0.7194862,1.464756,1.0,0.2,0.2,0.6,4
Osasuna,2022,1.090056710526316,0.711283576759,1.3572871842105263,0.761114245886479,-0.26723047368421043,0.9736842105263158,1.105263157894737,-0.13157894736842105,0.39473684210526316,0.21052631578947367,0.39473684210526316,38,0.5789473684210527,0.21052631578947367,1.1689776,1.3341894,1.6,0.6,0.0,0.4,9
Barcelona,2023,2.1515399210526316,0.8100537720127774,1.1957136315789476,0.6557595886732741,0.955826289473684,2.0789473684210527,1.1578947368421053,0.9210526315789473,0.6842105263157895,0.18421052631578946,0.13157894736842105,38,0.7894736842105263,0.5789473684210527,1.9147200000000002,1.5603605999999999,2.2,0.8,0.0,0.2,12
Real Madrid,2023,2.1284793684210523,0.9200751064463374,1.0339048421052635,0.6090918731638477,1.0945745263157896,2.289473684210526,0.6842105263157895,1.605263157894737,0.7631578947368421,0.21052631578947367,0.02631578947368421,38,0.8421052631578947,0.6842105263157895,2.2285980000000003,1.3144912,3.2,0.6,0.4,0.0,11
Atletico Madrid,2023,1.8376634736842103,0.9324864820214224,1.1435710263157894,0.8101973080223909,0.694092447368421,1.8421052631578947,1.131578947368421,0.7105263157894737,0.631578947368421,0.10526315789473684,0.2631578947368421,38,0.8421052631578947,0.42105263157894735,1.6629276000000002,0.7200716,1.6,0.8,0.0,0.2,12
Sevilla,2023,1.4087798789473684,0.755352868924341,1.6575285421052635,0.761486642847912,-0.24874866315789465,1.263157894736842,1.4210526315789473,-0.15789473684210525,0.2631578947368421,0.2894736842105263,0.4473684210526316,38,0.3157894736842105,0.21052631578947367,1.8206419999999999,1.8898666,1.2,0.2,0.0,0.8,3
Valencia,2023,1.187512394736842,0.7364931137288951,1.3770573000000002,0.8170886021526929,-0.1895449052631579,1.0526315789473684,1.1842105263157894,-0.13157894736842105,0.34210526315789475,0.2631578947368421,0.39473684210526316,38,0.42105263157894735,0.2631578947368421,1.7725268,1.4982662,0.6,0.0,0.4,0.6,2
Villarreal,2023,1.5738685000000003,0.7435231549932898,1.7332868421052634,0.9514184478450407,-0.1594183421052632,1.7105263157894737,1.7105263157894737,0.0,0.3684210526315789,0.2894736842105263,0.34210526315789475,38,0.3684210526315789,0.3684210526315789,1.4952154,2.2680580000000004,2.2,0.4,0.4,0.2,8
Athletic Club,2023,1.6220545526315788,1.099702291779073,1.1060880973684213,0.82589871849253,0.515966455263158,1.605263157894737,0.9736842105263158,0.631578947368421,0.5,0.2894736842105263,0.21052631578947367,38,0.631578947368421,0.3684210526315789,1.2379132,1.7989158,1.6,0.6,0.2,0.2,10
Real Sociedad,2023,1.293792552631579,0.6376747806859296,1.2444852631578947,0.7400245157028787,0.04930728947368421,1.3421052631578947,1.0263157894736843,0.3157894736842105,0.42105263157894735,0.3157894736842105,0.2631578947368421,38,0.42105263157894735,0.42105263157894735,0.8387270000000001,1.3615287999999999,1.0,0.6,0.0,0.4,9
Real Betis,2023,1.3925165789473684,0.6173753225950852,1.380977236842105,0.8560627586545982,0.011539342105263145,1.263157894736842,1.1842105263157894,0.07894736842105263,0.3684210526315789,0.39473684210526316,0.23684210526315788,38,0.47368421052631576,0.2631578947368421,1.4462139999999999,1.3520037999999999,1.4,0.4,0.4,0.2,8
Getafe,2023,1.3230747105263156,0.8637380643443314,1.5171105263157894,0.7112387239992968,-0.19403581578947374,1.105263157894737,1.4210526315789473,-0.3157894736842105,0.2631578947368421,0.34210526315789475,0.39473684210526316,38,0.42105263157894735,0.10526315789473684,1.3821844,1.3892056,0.2,0.0,0.0,1.0,0
Celta Vigo,2023,1.483950763157895,1.004934483719762,1.5806226315789476,1.020529211998639,-0.09667186842105266,1.2105263157894737,1.5,-0.2894736842105263,0.2631578947368421,0.2894736842105263,0.4473684210526316,38,0.3157894736842105,0.21052631578947367,1.8126350000000002,1.3300074,1.8,0.6,0.2,0.2,10
Osasuna,2023,1.2049202368421055,0.5312346460951198,1.5097058157894738,0.8797239565708023,-0.3047855789473685,1.1842105263157894,1.4736842105263157,-0.2894736842105263,0.3157894736842105,0.23684210526315788,0.4473684210526316,38,0.3157894736842105,0.3157894736842105,1.0969556,1.4265932,1.6,0.2,0.6,0.2,6
Barcelona,2024,2.617500342105263,1.2227175271271393,1.1310775,0.7758666909315114,1.486422842105263,2.6842105263157894,1.0263157894736843,1.6578947368421053,0.7368421052631579,0.10526315789473684,0.15789473684210525,38,0.7368421052631579,0.7368421052631579,2.3973793999999997,1.5070316,2.6,0.8,0.0,0.2,12
Real Madrid,2024,2.318304763157895,1.1832364449727506,1.2124189894736839,0.8749792714515685,1.1058857736842107,2.0526315789473686,1.0,1.0526315789473684,0.6842105263157895,0.15789473684210525,0.15789473684210525,38,0.8421052631578947,0.5263157894736842,2.735298,1.6764148000000003,2.4,0.8,0.0,0.2,12
Atletico Madrid,2024,1.9031987105263157,1.2438588877832784,1.014772455263158,0.7350327102473868,0.8884262552631579,1.7894736842105263,0.7894736842105263,1.0,0.5789473684210527,0.2631578947368421,0.15789473684210525,38,0.7368421052631579,0.42105263157894735,2.2993498,0.63075958,2.4,0.6,0.2,0.2,10
Sevilla,2024,1.1870590263157894,0.6296169883844865,1.3365819736842104,0.7541014502094345,-0.149522947368421,1.105263157894737,1.4473684210526316,-0.34210526315789475,0.2631578947368421,0.2894736842105263,0.4473684210526316,38,0.3157894736842105,0.21052631578947367,1.6031522000000002,1.0822842000000001,1.4,0.2,0.2,0.6,4
Valencia,2024,1.23450395,0.6226092705593503,1.4681051842105264,1.0631125247875985,-0.23360123421052623,1.1578947368421053,1.4210526315789473,-0.2631578947368421,0.2894736842105263,0.34210526315789475,0.3684210526315789,38,0.47368421052631576,0.10526315789473684,1.2536488000000001,1.3555281999999997,1.4,0.4,0.2,0.4,7
Villarreal,2024,1.948764947368421,0.9527913611346157,1.3552341842105264,0.8862184603293551,0.5935307631578947,1.868421052631579,1.3421052631578947,0.5263157894736842,0.5263157894736842,0.2631578947368421,0.21052631578947367,38,0.47368421052631576,0.5789473684210527,2.024318,1.220393,3.0,1.0,0.0,0.0,15
Athletic Club,2024,1.5710947368421053,1.1014258434535857,1.115366815789474,0.7287971079848747,0.4557279210526317,1.4210526315789473,0.7631578947368421,0.6578947368421053,0.5,0.34210526315789475,0.15789473684210525,38,0.5789473684210527,0.42105263157894735,0.9659447999999999,1.204494,0.8,0.6,0.2,0.2,10
Real Sociedad,2024,1.2606726657894736,0.8386069740426817,1.2943115263157896,0.7802471835127682,-0.033638860526315734,0.9210526315789473,1.2105263157894737,-0.2894736842105263,0.34210526315789475,0.18421052631578946,0.47368421052631576,38,0.42105263157894735,0.2631578947368421,1.512512,1.5023855999999998,0.6,0.2,0.2,0.6,4
Real Betis,2024,1.5997800263157895,0.7972454570707306,1.361345157894737,0.9566603892842473,0.2384348684210527,1.5,1.3157894736842106,0.18421052631578946,0.42105263157894735,0.3157894736842105,0.2631578947368421,38,0.47368421052631576,0.3684210526315789,0.9123532000000001,1.9985682,1.4,0.2,0.6,0.2,6
Getafe,2024,1.0888667631578948,0.7161688767425405,1.3452680605263159,0.8927459442214737,-0.25640129736842093,0.8947368421052632,1.0263157894736843,-0.13157894736842105,0.2894736842105263,0.23684210526315788,0.47368421052631576,38,0.21052631578947367,0.3684210526315789,0.8093462,1.5281578,0.6,0.2,0.0,0.8,3
Celta Vigo,2024,1.5381565526315786,0.828830307601955,1.324016342105263,0.9182901078428402,0.2141402105263158,1.5526315789473684,1.5,0.05263157894736842,0.42105263157894735,0.18421052631578946,0.39473684210526316,38,0.5789473684210527,0.2631578947368421,1.6244142,2.0534114,1.8,0.6,0.0,0.4,9
Osasuna,2024,1.3008542736842106,0.8284827578879806,1.5397232631578945,0.9388686774868904,-0.2388689894736842,1.263157894736842,1.368421052631579,-0.10526315789473684,0.3157894736842105,0.42105263157894735,0.2631578947368421,38,0.5263157894736842,0.10526315789473684,1.70441,1.229536,1.6,0.4,0.4,0.2,8
